# noisy-exceptions.tsv — the evidenced exception list of the D66 hybrid (chat D64 / D66, ruled 2026-09-11):
# a baseline whose rendering is NOT reproducible on the template's own machine, so a zero-tolerance
# comparison can never pass for it. A 2.6–2.8 ledger row may read `NOISY <sub-pixel %>` only for a name
# listed here. Evidence = three template-side samples of the same shot (scratch snapshotDir seeded with the
# committed PNG, owning project run with --update-snapshots=all, result hashed); the sub-pixel percentage is
# from a byte-by-byte comparison of the decoded BMPs. Source: the template session's measurement report
# (tasks/d61-screenshot-oracle-recut.md, Appendices A and D, 2026-09-11). progressmeter-gallery is NOT here:
# its fill animation is fixed instead (chat D64 A — a fixed value, no animation).
# 2026-09-11, after the template's transition snap (1cfb6750) and the re-cut (40c4ddda): the gallery family measured
# 98 / 98 byte-identical at zero tolerance against zkpreview with NO exception active (F60), and the template session saw
# avatar-gallery and component-theming-gallery byte-identical across three runs on its side too. Both are DELISTED;
# their earlier evidence stays below as comments. The list is empty until a run shows a shot differing three shots in a
# row with template-side evidence of non-reproducibility.
# name	sub-pixel %	evidence
# delisted 2026-09-11	avatar-gallery.png	n/a (matched 3/3 in isolation)	committed 8fedefce; runs 8fedefce 8fedefce 8fedefce; exceeded the 1 % gallery budget once in the full 260-test run (before the snap)
# delisted 2026-09-11	component-theming-gallery.png	0.00004 % / 0.0002 %	committed 0dd0dad1; runs 0dd0dad1 f5c53327 cf4b3e36 (before the snap)
